{"stat.killEntity.Skeleton":4,"stat.killEntity.Bat":1,"stat.walkOneCm":102556,"achievement.openInventory":5,"stat.damageTaken":1630,"stat.mineBlock.3":180,"stat.mineBlock.1":8696,"stat.mobKills":9,"stat.mineBlock.14":25,"stat.mineBlock.13":68,"stat.flyOneCm":3873,"stat.mineBlock.16":50,"stat.mineBlock.15":63,"stat.drop":9,"stat.playOneMinute":3031,"stat.fallOneCm":1328,"stat.damageDealt":-2147475299,"stat.killEntity.Zombie":4,"stat.mineBlock.73":92,"achievement.exploreAllBiomes":{"value":0,"progress":["Beach","Ocean","River","Forest","Extreme Hills","Deep Ocean"]},"stat.mineBlock.56":12}