{"stat.walkOneCm":31214,"achievement.openInventory":6,"stat.damageTaken":120,"stat.mineBlock.3":212,"stat.mineBlock.1":3407,"stat.mobKills":1,"stat.mineBlock.13":79,"stat.mineBlock.16":31,"stat.flyOneCm":4544,"stat.mineBlock.15":33,"stat.jump":75,"stat.playOneMinute":3883,"stat.fallOneCm":2021,"stat.useItem.1":21,"stat.damageDealt":-2147483639,"stat.killEntity.Zombie":1,"stat.mineBlock.73":19,"achievement.exploreAllBiomes":{"value":0,"progress":["ForestHills","Ice Plains","Cold Beach","Forest","Ocean","Taiga"]},"stat.mineBlock.56":5}