{"stat.walkOneCm":68872,"achievement.openInventory":8,"stat.damageTaken":150,"stat.killEntity.Spider":1,"stat.mineBlock.3":3,"stat.mineBlock.1":3834,"stat.mobKills":14,"stat.mineBlock.21":8,"stat.mineBlock.14":13,"stat.mineBlock.13":28,"stat.mineBlock.16":84,"stat.flyOneCm":10178,"stat.mineBlock.15":34,"stat.drop":1,"stat.jump":3,"stat.playOneMinute":8460,"stat.fallOneCm":3141,"stat.damageDealt":648,"stat.killEntity.Zombie":1,"stat.killEntity.Silverfish":12,"stat.mineBlock.73":34,"achievement.exploreAllBiomes":{"value":0,"progress":["Ice Plains","Cold Beach","Extreme Hills"]},"stat.mineBlock.97":6,"stat.mineBlock.56":6}