{"stat.mineBlock.13":6,"stat.flyOneCm":42976,"stat.deaths":1,"stat.walkOneCm":49409,"stat.drop":40,"stat.jump":117,"stat.swimOneCm":5710,"stat.playOneMinute":12263,"achievement.openInventory":23,"stat.fallOneCm":4967,"stat.useItem.4":110,"stat.useItem.3":2,"stat.damageTaken":750,"stat.killEntity.Spider":1,"stat.damageDealt":200,"stat.mineBlock.1":12,"stat.mobKills":1,"achievement.exploreAllBiomes":{"value":0,"progress":["Stone Beach","Extreme Hills+","River","Ocean","Extreme Hills"]},"stat.diveOneCm":7668}