{"stat.mineBlock.14":5,"stat.mineBlock.13":127,"stat.mineBlock.16":64,"stat.flyOneCm":8517,"stat.mineBlock.15":21,"stat.deaths":1,"stat.walkOneCm":30209,"stat.drop":39,"stat.swimOneCm":1402,"stat.jump":19,"stat.playOneMinute":4150,"achievement.openInventory":10,"stat.fallOneCm":4947,"stat.entityKilledBy.Zombie":1,"stat.useItem.4":3,"stat.damageTaken":1910,"stat.damageDealt":1100,"stat.mineBlock.3":186,"stat.killEntity.Zombie":3,"stat.mineBlock.1":5124,"stat.mobKills":3,"achievement.exploreAllBiomes":{"value":0,"progress":["Ocean","Extreme Hills","Deep Ocean"]},"stat.mineBlock.97":7}