{"stat.walkOneCm":7582,"stat.entityKilledBy.Spider":1,"achievement.openInventory":7,"stat.damageTaken":530,"stat.killEntity.Spider":1,"stat.mineBlock.3":4,"stat.mineBlock.1":63,"stat.killEntity.Enderman":2,"stat.mobKills":6,"stat.mineBlock.13":1,"stat.flyOneCm":42125,"stat.deaths":1,"stat.drop":10,"stat.jump":65,"stat.swimOneCm":329,"stat.playOneMinute":4199,"stat.fallOneCm":6200,"stat.damageDealt":1580,"stat.killEntity.Zombie":2,"achievement.exploreAllBiomes":{"value":0,"progress":["Stone Beach","Desert M","Ocean","River","Desert","Extreme Hills","Savanna M","Deep Ocean"]},"stat.diveOneCm":953}