{"stat.walkOneCm":91990,"achievement.openInventory":23,"stat.mineBlock.4":10,"stat.damageTaken":190,"stat.mineBlock.3":61,"stat.mineBlock.1":10656,"stat.mineBlock.14":7,"stat.mineBlock.13":182,"stat.flyOneCm":19733,"stat.mineBlock.16":114,"stat.mineBlock.15":71,"stat.deaths":1,"stat.drop":24,"stat.jump":75,"stat.swimOneCm":1914,"stat.playOneMinute":58192,"stat.fallOneCm":3452,"stat.entityKilledBy.Zombie":1,"stat.useItem.4":57,"stat.damageDealt":200,"achievement.exploreAllBiomes":{"value":0,"progress":["Stone Beach","Extreme Hills+","Ocean","Extreme Hills","Swampland","Deep Ocean"]},"stat.useItem.13":1,"stat.diveOneCm":1105}