{"stat.walkOneCm":15029,"stat.mineBlock.161":4,"stat.mineBlock.162":7,"stat.damageTaken":220,"stat.mineBlock.4":6,"stat.mineBlock.3":1036,"stat.mineBlock.1":18678,"stat.mineBlock.21":15,"stat.mineBlock.14":34,"stat.mineBlock.13":491,"stat.flyOneCm":23365,"stat.mineBlock.16":263,"stat.mineBlock.15":152,"stat.jump":2,"stat.playOneMinute":4662,"stat.fallOneCm":12180,"stat.useItem.4":13,"achievement.exploreAllBiomes":{"value":0,"progress":["Desert M","Extreme Hills+","Desert","Savanna M","Savanna"]},"stat.mineBlock.56":17}