{"stat.walkOneCm":78811,"stat.mineBlock.14":14,"stat.mineBlock.13":336,"stat.mineBlock.16":109,"stat.mineBlock.15":169,"stat.jump":188,"stat.swimOneCm":4441,"stat.fallOneCm":3739,"achievement.exploreAllBiomes":{"value":0,"progress":["Beach","DesertHills","Desert M","River","Ocean","Desert","Extreme Hills","Savanna M","Savanna"]},"stat.mineBlock.12":2504,"stat.mineBlock.56":4,"stat.mineBlock.24":1154,"achievement.openInventory":7,"stat.mineBlock.4":6,"stat.damageTaken":470,"stat.mineBlock.5":3,"stat.mineBlock.3":752,"stat.mineBlock.1":16103,"stat.mobKills":1,"stat.mineBlock.21":2,"stat.flyOneCm":43410,"stat.drop":2,"stat.playOneMinute":13626,"stat.useItem.4":50,"stat.useItem.3":29,"stat.damageDealt":380,"stat.killEntity.Zombie":1,"stat.diveOneCm":380,"stat.mineBlock.31":2}