{"stat.walkOneCm":39679,"achievement.openInventory":19,"stat.mineBlock.4":1,"stat.damageTaken":1210,"stat.mineBlock.3":15,"stat.mineBlock.1":660,"stat.mineBlock.13":19,"stat.mineBlock.16":5,"stat.flyOneCm":410,"stat.mineBlock.15":10,"stat.deaths":1,"stat.drop":22,"stat.swimOneCm":2863,"stat.jump":10,"stat.playOneMinute":6611,"stat.fallOneCm":1804,"stat.mineBlock.73":1,"achievement.exploreAllBiomes":{"value":0,"progress":["Stone Beach","Desert M","Extreme Hills+","Ocean","Extreme Hills"]},"stat.diveOneCm":211,"stat.mineBlock.56":4}