{"stat.walkOneCm":95522,"achievement.openInventory":18,"stat.damageTaken":2060,"stat.mineBlock.3":1266,"stat.mineBlock.1":33500,"stat.mineBlock.21":57,"stat.mineBlock.14":72,"stat.mineBlock.13":461,"stat.flyOneCm":2921,"stat.mineBlock.16":311,"stat.mineBlock.15":296,"stat.jump":55,"stat.swimOneCm":850,"stat.playOneMinute":10959,"stat.fallOneCm":4993,"stat.useItem.4":24,"stat.damageDealt":140,"stat.mineBlock.129":2,"achievement.exploreAllBiomes":{"value":0,"progress":["Beach","Stone Beach","Extreme Hills+","River","Ocean","Desert","Extreme Hills","Deep Ocean"]},"stat.mineBlock.56":55}