{"stat.killEntity.Skeleton":1,"stat.walkOneCm":38675,"achievement.openInventory":12,"stat.damageTaken":150,"stat.mineBlock.3":14,"stat.mineBlock.1":40,"stat.mobKills":1,"stat.mineBlock.13":66,"stat.flyOneCm":14347,"stat.mineBlock.15":4,"stat.jump":104,"stat.swimOneCm":42,"stat.playOneMinute":7750,"stat.fallOneCm":3144,"stat.useItem.4":33,"stat.damageDealt":220,"stat.mineBlock.73":14,"achievement.exploreAllBiomes":{"value":0,"progress":["Stone Beach","Extreme Hills+","Ocean","Extreme Hills","Swampland"]}}