{"stat.walkOneCm":39524,"stat.mineBlock.14":3,"stat.mineBlock.13":151,"stat.mineBlock.16":21,"stat.mineBlock.15":27,"stat.mineBlock.18":148,"stat.mineBlock.17":14,"stat.jump":5,"stat.swimOneCm":301,"stat.fallOneCm":7914,"achievement.exploreAllBiomes":{"value":0,"progress":["ForestHills","Ice Plains","Cold Beach","Forest","Ocean"]},"achievement.openInventory":24,"stat.damageTaken":200,"stat.mineBlock.3":737,"stat.mineBlock.1":6405,"stat.mobKills":1,"stat.flyOneCm":6781,"stat.drop":2,"stat.playOneMinute":4604,"stat.damageDealt":2147483647,"stat.killEntity.Zombie":1,"stat.mineBlock.73":42,"stat.diveOneCm":55}