{"stat.walkOneCm":92759,"achievement.openInventory":4,"stat.damageTaken":400,"stat.mineBlock.3":45,"stat.mineBlock.1":3196,"stat.mobKills":4,"stat.mineBlock.14":7,"stat.mineBlock.13":34,"stat.mineBlock.16":43,"stat.flyOneCm":4528,"stat.mineBlock.15":61,"stat.drop":12,"stat.playOneMinute":4132,"stat.fallOneCm":2703,"stat.damageDealt":33360,"stat.killEntity.Zombie":4,"stat.mineBlock.73":44,"achievement.exploreAllBiomes":{"value":0,"progress":["Ice Plains","Cold Beach","River","Ocean","Deep Ocean"]}}