{"stat.walkOneCm":83632,"achievement.openInventory":5,"stat.damageTaken":580,"stat.mineBlock.3":354,"stat.mineBlock.1":12272,"stat.mobKills":6,"stat.mineBlock.21":20,"stat.mineBlock.14":29,"stat.mineBlock.13":163,"stat.flyOneCm":22845,"stat.mineBlock.16":214,"stat.mineBlock.15":70,"stat.drop":2,"stat.swimOneCm":6588,"stat.playOneMinute":11125,"stat.fallOneCm":7316,"stat.damageDealt":2147483647,"stat.killEntity.Silverfish":6,"stat.mineBlock.129":8,"stat.mineBlock.73":33,"achievement.exploreAllBiomes":{"value":0,"progress":["ForestHills","Forest","River","Extreme Hills"]},"stat.diveOneCm":145,"stat.mineBlock.97":47,"stat.mineBlock.56":1}