{"stat.mineBlock.14":12,"stat.mineBlock.13":249,"stat.flyOneCm":7026,"stat.mineBlock.16":136,"stat.mineBlock.15":75,"stat.walkOneCm":95557,"stat.drop":5,"stat.jump":16,"stat.playOneMinute":9904,"achievement.openInventory":13,"stat.fallOneCm":15853,"stat.damageTaken":2420,"stat.killEntity.Spider":1,"stat.damageDealt":48,"stat.mineBlock.3":186,"stat.killEntity.Zombie":1,"stat.mineBlock.1":11619,"stat.mobKills":3,"stat.mineBlock.73":68,"achievement.exploreAllBiomes":{"value":0,"progress":["ForestHills","Beach","Forest","River","Ocean","Deep Ocean"]},"stat.mineBlock.21":8,"stat.mineBlock.56":8}