{"stat.mineBlock.13":142,"stat.flyOneCm":4556,"stat.mineBlock.16":5,"stat.mineBlock.15":13,"stat.walkOneCm":17103,"stat.mineBlock.18":34,"stat.drop":2,"stat.mineBlock.17":6,"stat.playOneMinute":5863,"achievement.openInventory":15,"stat.fallOneCm":5506,"stat.useItem.1":2,"stat.damageTaken":1210,"stat.damageDealt":33340,"stat.mineBlock.3":362,"stat.mineBlock.1":1093,"stat.killEntity.Silverfish":11,"stat.mobKills":11,"stat.mineBlock.73":12,"achievement.exploreAllBiomes":{"value":0,"progress":["ForestHills","Forest","Extreme Hills"]},"stat.mineBlock.97":9}