{"stat.killEntity.Bat":1,"stat.walkOneCm":187882,"stat.mineBlock.14":25,"stat.mineBlock.13":604,"stat.mineBlock.16":195,"stat.mineBlock.15":110,"stat.fallOneCm":3278,"achievement.exploreAllBiomes":{"value":0,"progress":["Beach","Ice Plains","Forest","River","Ocean","Deep Ocean"]},"stat.mineBlock.56":16,"stat.killEntity.Skeleton":6,"achievement.openInventory":9,"stat.damageTaken":7940,"stat.killEntity.Spider":4,"stat.mineBlock.3":383,"stat.mineBlock.1":12928,"stat.mobKills":18,"stat.mineBlock.21":12,"stat.flyOneCm":4697,"stat.playOneMinute":5033,"stat.damageDealt":51710,"stat.killEntity.Zombie":7,"stat.mineBlock.73":139}