{"stat.killEntity.Skeleton":2,"stat.walkOneCm":64637,"achievement.openInventory":9,"stat.damageTaken":40,"stat.mineBlock.3":288,"stat.mineBlock.1":2943,"stat.mobKills":2,"stat.mineBlock.21":3,"stat.mineBlock.13":99,"stat.mineBlock.16":73,"stat.flyOneCm":867,"stat.mineBlock.15":16,"stat.drop":1,"stat.playOneMinute":3468,"stat.fallOneCm":269,"stat.useItem.1":1,"stat.damageDealt":18,"stat.mineBlock.73":43,"achievement.exploreAllBiomes":{"value":0,"progress":["Ice Plains","Cold Beach","River"]},"stat.mineBlock.56":5}