{"stat.killEntity.Skeleton":4,"stat.walkOneCm":45382,"achievement.openInventory":2,"stat.damageTaken":100,"stat.mineBlock.3":11,"stat.mineBlock.1":2013,"stat.killEntity.Enderman":2,"stat.mobKills":18,"stat.mineBlock.21":1,"stat.mineBlock.14":10,"stat.mineBlock.13":69,"stat.mineBlock.16":8,"stat.flyOneCm":1727,"stat.mineBlock.15":12,"stat.drop":11,"stat.playOneMinute":2681,"stat.killEntity.Witch":4,"stat.fallOneCm":1358,"stat.damageDealt":40400,"stat.killEntity.Zombie":8,"stat.mineBlock.73":29,"achievement.exploreAllBiomes":{"value":0,"progress":["Ice Plains","Cold Beach"]}}